Granja,FechaFin,Gen,Talla,Biomasa,Num
Hafnir_P,2024-09-30,23 1SG,h.800 - 10000,999.4091083374022,1047.0
Hafnir_P,2024-09-30,23 3SG,g.600 - 800,869.4,1260.0
Hafnir_P,2024-09-30,23 3SG,g.600 - 800,774.5620517578125,1117.0
Hafnir_P,2024-09-30,23 3SG,g.600 - 800,130.41,189.0
Hafnir_P,2024-09-30,23 4SG,g.600 - 800,745.2,1080.0
Hafnir_P,2024-09-30,23 4SG,f.500 - 600,4135.55245678711,7212.0
Anglet_P,2024-09-30,23 4SG,d.300 - 400,1403.85,3675.0
Anglet_P,2024-09-30,23 4SG,g.600 - 800,2629.971,4003.0
Anglet_P,2024-09-30,23 4SG,e.400 - 500,440.836,932.0
Anglet_P,2024-09-30,23 4SG,f.500 - 600,574.59,1070.0
Anglet_P,2024-09-30,23 4SG,f.500 - 600,950.2999999999996,1700.0
Hafnir_P,2024-09-30,23 4SG,d.300 - 400,802.88,2509.0
Hafnir_P,2024-09-30,23 4SG,f.500 - 600,4333.055555555556,7389.0
Hafnir_P,2024-09-30,23 4SG,d.300 - 400,0.3515144441413729,1.0
Hafnir_P,2024-09-30,23 4SG,g.600 - 800,2480.3051365356446,3851.0
Hafnir_P,2024-09-30,23 4SG,f.500 - 600,174.36765185546875,334.0
Hafnir_P,2024-09-30,23 4SG,f.500 - 600,4226.509302978516,7506.0
Hafnir_P,2024-09-30,23 4SG,f.500 - 600,1130.3606557377047,2028.0
Anglet_P,2024-09-30,23 5SG,e.400 - 500,3559.1524390243903,7725.0
Anglet_P,2024-09-30,23 5SG,f.500 - 600,5384.499047619049,10370.0
Anglet_P,2024-09-30,23 5SG,g.600 - 800,919.143,1399.0
Couso i+d,2024-09-30,23 5SG,e.400 - 500,4.898666666666666,11.0
Anglet_P,2024-09-30,23 5SG,f.500 - 600,692.193,1289.0
Hafnir_P,2024-09-30,23 5SG,e.400 - 500,3576.170616113744,8292.0
Hafnir_P,2024-09-30,23 5SG,e.400 - 500,3431.240936523437,7118.0
Hafnir_P,2024-09-30,23 5SG,d.300 - 400,215.67,553.0
Hafnir_P,2024-09-30,23 5SG,e.400 - 500,3050.9358825683594,6920.0
Hafnir_P,2024-09-30,23 5SG,c.200 - 300,1183.95,4385.0
Hafnir_P,2024-09-30,23 5SG,e.400 - 500,3937.418719211823,8688.0
Hafnir_P,2024-09-30,23 5SG,e.400 - 500,4.140000000000001,9.0
Tocha Sole,2024-09-30,23 5SG,f.500 - 600,1299.2299999999998,2595.0
Cervo Sole,2024-09-30,23 5SG,h.800 - 10000,2788.864652282715,3389.0
Cervo Sole,2024-09-30,24 1SG,c.200 - 300,499.813695892334,2078.0
Anglet_P,2024-09-30,23 6SG,f.500 - 600,1398.301935483871,2793.0
Hafnir_P,2024-09-30,24 2SG,c.200 - 300,2094.085910568237,8565.0
Hafnir_P,2024-09-30,23 6SG,b.100 - 200,10.62,59.0
Hafnir_P,2024-09-30,23 6SG,c.200 - 300,64.38,222.0
Hafnir_P,2024-09-30,23 6SG,d.300 - 400,180.0,450.0
Cervo Sole,2024-09-30,24 1SG,d.300 - 400,999.6969909362792,2879.0
Hafnir_P,2024-09-30,23 6SG,d.300 - 400,338.4,846.0
Tocha Sole,2024-09-30,23 6SG,e.400 - 500,2944.5214285714287,6987.0
Tocha Sole,2024-09-30,23 6SG,f.500 - 600,3468.2057142857147,6897.0
Cervo Sole,2024-09-30,23 6SG,f.500 - 600,3918.884343383789,7343.0
Couso i+d,2024-09-30,23 6SG,f.500 - 600,571.6065789473685,1027.0
Cervo Sole,2024-09-30,23 6SG,g.600 - 800,3158.890963195801,5003.0
Cervo Sole,2024-09-30,23 6SG,g.600 - 800,3464.40680657959,4713.0
Cervo Sole,2024-09-30,23 6SG,g.600 - 800,1620.366210083008,2501.0
Cervo Sole,2024-09-30,23 6SG,g.600 - 800,3408.8285895996096,4689.0
Tocha Sole,2024-09-30,23 6SG,f.500 - 600,3569.7714285714287,6980.0
Cervo Sole,2024-09-30,23 6SG,g.600 - 800,3347.190413330078,5407.0
Cervo Sole,2024-09-30,23 6SG,f.500 - 600,3841.11874597168,7451.0
Hafnir_P,2024-09-30,24 1SG,d.300 - 400,2330.4102564102564,6268.0
Anglet_P,2024-09-30,23 6SG,d.300 - 400,2095.946875,5543.0
Tocha Sole,2024-09-30,23 6SG,f.500 - 600,3600.348571428571,6962.0
Tocha Sole,2024-09-30,23 6SG,f.500 - 600,2062.3142857142857,3799.0
Tocha Sole,2024-09-30,23 6SG,e.400 - 500,3271.097142857143,6981.0
Hafnir_P,2024-09-30,24 2SG,c.200 - 300,657.5263041381836,2821.0
Tocha Sole,2024-09-30,23 6SG,e.400 - 500,2783.942857142857,5665.0
Hafnir_P,2024-09-30,24 1SG,d.300 - 400,2653.4892966360853,8591.0
Hafnir_P,2024-09-30,24 1SG,d.300 - 400,2478.7429586181643,6877.0
Cervo Sole,2024-09-30,24 1SG,e.400 - 500,2999.876230224609,6056.0
Cervo Sole,2024-09-30,24 1SG,f.500 - 600,2239.6017474975583,4047.0
Tocha Sole,2024-09-30,24 1SG,c.200 - 300,499.8361911010742,1858.0
Couso i+d,2024-09-30,24 2SG,d.300 - 400,4.896,16.0
Couso i+d,2024-09-30,24 1SG,f.500 - 600,93.0,155.0
Tocha Sole,2024-09-30,24 1SG,d.300 - 400,2499.8853325805662,6386.0
Couso i+d,2024-09-30,24 1SG,f.500 - 600,39.84615384615385,70.0
Tocha Sole,2024-09-30,24 1SG,e.400 - 500,0.4118203430175781,1.0
Anglet_P,2024-09-30,24 1SG,c.200 - 300,499.9158712121212,1777.0
Couso i+d,2024-09-30,24 1SG,f.500 - 600,285.48,549.0
Couso i+d,2024-09-30,24 1SG,f.500 - 600,1209.9286363636363,2337.0
Couso i+d,2024-09-30,24 2SG,b.100 - 200,4.988,29.0
Hafnir_P,2024-09-30,24 2SG,b.100 - 200,989.3458443145752,5721.0
Couso i+d,2024-09-30,24 2SG,c.200 - 300,4.792452830188679,20.0
Couso i+d,2024-09-30,24 2SG,c.200 - 300,0.206,1.0
Hafnir_P,2024-10-31,23 4SG,g.600 - 800,745.9206016248002,993.0
Hafnir_P,2024-10-31,23 4SG,g.600 - 800,5229.029526858301,8545.0
Hafnir_P,2024-10-31,23 4SG,g.600 - 800,24.881663273167387,36.0
Couso i+d,2024-10-31,23 5SG,e.400 - 500,834.5619858268799,1710.0
Anglet_P,2024-10-31,23 5SG,f.500 - 600,6731.858014262216,12896.0
Couso i+d,2024-10-31,23 5SG,f.500 - 600,871.879388346472,1727.0
Anglet_P,2024-10-31,23 5SG,f.500 - 600,158.38652439503028,311.0
Anglet_P,2024-10-31,23 5SG,f.500 - 600,406.24861946037606,777.0
Anglet_P,2024-10-31,23 5SG,e.400 - 500,1999.65838108075,4453.0
Tocha Sole,2024-10-31,24 2SG,d.300 - 400,1999.7293227385048,6254.0
Hafnir_P,2024-10-31,23 5SG,f.500 - 600,114.92856085616468,199.0
Hafnir_P,2024-10-31,23 5SG,f.500 - 600,485.10409579692,933.0
Hafnir_P,2024-10-31,23 5SG,f.500 - 600,3154.972299080561,5835.0
Hafnir_P,2024-10-31,23 5SG,f.500 - 600,4011.504974268498,7044.0
Hafnir_P,2024-10-31,23 5SG,f.500 - 600,413.20855137184,812.0
Tocha Sole,2024-10-31,23 5SG,g.600 - 800,3802.253235469588,5944.0
Hafnir_P,2024-10-31,24 1SG,d.300 - 400,3642.569776314792,9871.0
Anglet_P,2024-10-31,23 6SG,f.500 - 600,2461.92263025922,4702.0
Anglet_P,2024-10-31,23 6SG,f.500 - 600,3241.061967364827,5485.0
Anglet_P,2024-10-31,23 6SG,f.500 - 600,0.505655376188,1.0
Hafnir_P,2024-10-31,23 6SG,f.500 - 600,715.7606358812001,1330.0
Hafnir_P,2024-10-31,23 6SG,f.500 - 600,4070.837110599656,7153.0
Hafnir_P,2024-10-31,23 6SG,f.500 - 600,1033.550951028207,1939.0
Couso i+d,2024-10-31,24 1SG,g.600 - 800,123.92397122932556,199.0
Tocha Sole,2024-10-31,23 6SG,g.600 - 800,4083.194137108115,6561.0
Cervo Sole,2024-10-31,23 6SG,g.600 - 800,3548.041734690876,4701.0
Cervo Sole,2024-10-31,23 6SG,g.600 - 800,4863.758420650031,7658.0
Tocha Sole,2024-10-31,23 6SG,g.600 - 800,1514.4279258534852,2280.0
Anglet_P,2024-10-31,23 6SG,g.600 - 800,2844.919939572479,4704.0
Couso i+d,2024-10-31,24 1SG,f.500 - 600,128.06441106732,234.0
Couso i+d,2024-10-31,24 1SG,e.400 - 500,165.07907937441922,372.0
Hafnir_P,2024-10-31,24 1SG,e.400 - 500,1299.8415226120455,3055.0
Hafnir_P,2024-10-31,24 1SG,e.400 - 500,3833.101967037725,8755.0
Hafnir_P,2024-10-31,24 1SG,e.400 - 500,3964.967660839245,8901.0
Hafnir_P,2024-10-31,24 1SG,e.400 - 500,3901.6088750340223,8083.0
Hafnir_P,2024-10-31,24 1SG,d.300 - 400,1357.3479740396276,3456.0
Hafnir_P,2024-10-31,24 1SG,e.400 - 500,0.408352526119684,1.0
Cervo Sole,2024-10-31,24 1SG,f.500 - 600,3099.7180767135974,5315.0
Tocha Sole,2024-10-31,24 1SG,f.500 - 600,4023.473177154998,6992.0
Cervo Sole,2024-10-31,24 1SG,g.600 - 800,3532.3000450917057,4956.0
Cervo Sole,2024-10-31,24 1SG,f.500 - 600,1900.138548523236,3688.0
Tocha Sole,2024-10-31,24 1SG,c.200 - 300,499.7790649013072,1909.0
Cervo Sole,2024-10-31,24 1SG,g.600 - 800,55.77404576819552,89.0
Tocha Sole,2024-10-31,24 1SG,f.500 - 600,3565.017471092858,7028.0
Tocha Sole,2024-10-31,24 1SG,f.500 - 600,3725.625914488431,7151.0
Tocha Sole,2024-10-31,24 1SG,e.400 - 500,339.73474251426046,686.0
Anglet_P,2024-10-31,24 1SG,d.300 - 400,1363.4905419763384,3629.0
Anglet_P,2024-10-31,24 1SG,d.300 - 400,136.29451861355065,367.0
Cervo Sole,2024-10-31,24 1SG,e.400 - 500,2999.6300695211444,6756.0
Hafnir_P,2024-10-31,24 3SG,b.100 - 200,999.8533335094356,5442.0
Tocha Sole,2024-10-31,24 1SG,e.400 - 500,3896.114758325633,8593.0
Cervo Sole,2024-10-31,24 1SG,d.300 - 400,999.9198231982966,2647.0
Couso i+d,2024-10-31,24 2SG,d.300 - 400,4.836140515264,16.0
Cervo Sole,2024-10-31,24 1SG,c.200 - 300,499.7365435943773,1672.0
Hafnir_P,2024-10-31,24 2SG,c.200 - 300,2650.233288560482,9317.0
Tocha Sole,2024-10-31,24 1SG,f.500 - 600,185.7412392371372,369.0
Anglet_P,2024-10-31,24 2SG,c.200 - 300,499.782420278258,2223.0
Tocha Sole,2024-10-31,24 2SG,e.400 - 500,3492.1872880200176,8703.0
Couso i+d,2024-10-31,24 2SG,c.200 - 300,4.804550112736001,22.0
Tocha Sole,2024-10-31,24 2SG,e.400 - 500,271.6806663258117,649.0
Anglet_P,2024-10-31,24 2SG,c.200 - 300,0.2064264614741818,1.0
Hafnir_P,2024-10-31,24 2SG,c.200 - 300,1349.587474787378,4981.0
Cervo Sole,2024-10-31,24 2SG,c.200 - 300,0.2236372893160927,1.0
Hafnir_P,2024-10-31,24 3SG,b.100 - 200,0.1043924512086416,1.0
Tocha Sole,2024-10-31,24 3SG,c.200 - 300,0.2009535468494681,1.0
Couso i+d,2024-10-31,24 3SG,b.100 - 200,4.855695630896552,28.0
Couso i+d,2024-10-31,24 4SG,b.100 - 200,0.1395322465444285,1.0
Hafnir_P,2024-11-30,23 4SG,g.600 - 800,3046.078007960478,4838.0
Hafnir_P,2024-11-30,23 4SG,g.600 - 800,2438.718535078449,3352.0
Anglet_P,2024-11-30,23 5SG,f.500 - 600,4487.480652010503,8563.0
Anglet_P,2024-11-30,23 5SG,e.400 - 500,300.5124093169233,656.0
Anglet_P,2024-11-30,23 5SG,e.400 - 500,2455.382287049868,5040.0
Hafnir_P,2024-11-30,23 5SG,g.600 - 800,83.05128324344399,123.0
Hafnir_P,2024-11-30,23 5SG,h.800 - 10000,653.8272310650689,782.0
Hafnir_P,2024-11-30,23 5SG,g.600 - 800,625.3563887080754,943.0
Hafnir_P,2024-11-30,23 5SG,f.500 - 600,4269.465355356749,7151.0
Hafnir_P,2024-11-30,24 1SG,d.300 - 400,1499.759502763648,3817.0
Anglet_P,2024-11-30,23 6SG,g.600 - 800,3265.695836204151,5323.0
Anglet_P,2024-11-30,23 6SG,g.600 - 800,2979.5719094070646,4823.0
Anglet_P,2024-11-30,23 6SG,g.600 - 800,6084.748300175147,10058.0
Anglet_P,2024-11-30,23 6SG,f.500 - 600,3012.397294803037,5211.0
Anglet_P,2024-11-30,23 6SG,g.600 - 800,4986.11116934519,7565.0
Anglet_P,2024-11-30,23 6SG,g.600 - 800,1352.384114702719,2082.0
Anglet_P,2024-11-30,23 6SG,g.600 - 800,1331.0879745336215,2009.0
Hafnir_P,2024-11-30,23 6SG,g.600 - 800,4681.415907065134,7379.0
Hafnir_P,2024-11-30,23 6SG,g.600 - 800,2625.2528183358213,4286.0
Tocha Sole,2024-11-30,24 4SG,b.100 - 200,5.980918970535227,42.0
Anglet_P,2024-11-30,24 2SG,c.200 - 300,499.8938654755596,2229.0
Hafnir_P,2024-11-30,23 6SG,h.800 - 10000,345.3692679191507,396.0
Hafnir_P,2024-11-30,23 6SG,f.500 - 600,3730.4823622494378,6419.0
Tocha Sole,2024-11-30,23 6SG,h.800 - 10000,5410.343932857161,6536.0
Tocha Sole,2024-11-30,23 6SG,g.600 - 800,946.8360012614536,1249.0
Tocha Sole,2024-11-30,23 6SG,h.800 - 10000,2734.068948212162,3133.0
Tocha Sole,2024-11-30,23 6SG,h.800 - 10000,854.8620794527313,1040.0
Cervo Sole,2024-11-30,24 1SG,f.500 - 600,3877.975797636893,7642.0
Hafnir_P,2024-11-30,24 1SG,e.400 - 500,2989.64488147187,6569.0
Hafnir_P,2024-11-30,24 1SG,e.400 - 500,2010.1229968285045,4248.0
Tocha Sole,2024-11-30,24 1SG,d.300 - 400,1733.83619349931,5281.0
Couso i+d,2024-11-30,24 1SG,f.500 - 600,587.7107943284002,985.0
Tocha Sole,2024-11-30,24 1SG,d.300 - 400,2199.146517292794,7077.0
Cervo Sole,2024-11-30,24 1SG,g.600 - 800,4525.756493291395,6071.0
Tocha Sole,2024-11-30,24 1SG,g.600 - 800,2252.665119294619,2990.0
Cervo Sole,2024-11-30,24 1SG,g.600 - 800,2788.0138163607567,4315.0
Tocha Sole,2024-11-30,24 1SG,f.500 - 600,3820.394038660532,7042.0
Cervo Sole,2024-11-30,24 1SG,g.600 - 800,1686.0647882912378,2743.0
Couso i+d,2024-11-30,24 1SG,f.500 - 600,12.236254971337312,22.0
Anglet_P,2024-11-30,24 1SG,e.400 - 500,744.0064179023213,1690.0
Cervo Sole,2024-11-30,24 1SG,h.800 - 10000,4065.1553854619688,4929.0
Cervo Sole,2024-11-30,24 1SG,h.800 - 10000,4432.064874457421,5214.0
Couso i+d,2024-11-30,24 1SG,g.600 - 800,191.91203276812467,300.0
Couso i+d,2024-11-30,24 1SG,g.600 - 800,26.227977811643697,41.0
Couso i+d,2024-11-30,24 1SG,g.600 - 800,643.1691595276706,1010.0
Couso i+d,2024-11-30,24 1SG,g.600 - 800,191.91203276812467,300.0
Tocha Sole,2024-11-30,24 1SG,f.500 - 600,4179.271517623936,8042.0
Tocha Sole,2024-11-30,24 1SG,e.400 - 500,2224.491921155721,5212.0
Tocha Sole,2024-11-30,24 1SG,e.400 - 500,3888.565283515495,9223.0
Cervo Sole,2024-11-30,24 1SG,e.400 - 500,3595.7265357609867,8030.0
Cervo Sole,2024-11-30,24 1SG,e.400 - 500,2391.540690966357,5971.0
Tocha Sole,2024-11-30,24 1SG,c.200 - 300,499.9016341388559,1674.0
Cervo Sole,2024-11-30,24 1SG,e.400 - 500,1012.730402177052,2485.0
Cervo Sole,2024-11-30,24 1SG,f.500 - 600,2776.0451171421446,4801.0
Cervo Sole,2024-11-30,24 1SG,f.500 - 600,1345.9700199490514,2400.0
Cervo Sole,2024-11-30,24 1SG,d.300 - 400,2419.198724097072,6309.0
Tocha Sole,2024-11-30,24 2SG,d.300 - 400,2636.022765896092,7846.0
Couso i+d,2024-11-30,24 2SG,d.300 - 400,4.816681483150075,16.0
Anglet_P,2024-11-30,24 2SG,d.300 - 400,2048.9010600839274,6771.0
Couso i+d,2024-11-30,24 2SG,c.200 - 300,4.829159932588287,18.0
Anglet_P,2024-11-30,24 2SG,d.300 - 400,450.97723648945,1489.0
Tocha Sole,2024-11-30,24 2SG,d.300 - 400,1930.934689040108,4883.0
Hafnir_P,2024-11-30,24 3SG,b.100 - 200,888.5279289530713,8103.0
Hafnir_P,2024-11-30,24 2SG,c.200 - 300,999.8026612355102,3455.0
Cervo Sole,2024-11-30,24 2SG,c.200 - 300,499.8318311780296,2300.0
Cervo Sole,2024-11-30,24 2SG,d.300 - 400,80.70084577320044,209.0
Tocha Sole,2024-11-30,24 2SG,e.400 - 500,1105.170439973564,2616.0
Tocha Sole,2024-11-30,24 2SG,e.400 - 500,4073.3467984958975,9260.0
Couso i+d,2024-11-30,24 2SG,e.400 - 500,4.870979718207676,12.0
Couso i+d,2024-11-30,24 2SG,g.600 - 800,99.77265778008062,160.0
Hafnir_P,2024-11-30,24 3SG,b.100 - 200,111.42507816110512,608.0
Couso i+d,2024-11-30,24 4SG,b.100 - 200,4.907020089859372,36.0
Couso i+d,2024-11-30,24 1SG,g.600 - 800,946.3307465253488,1398.0
Tocha Sole,2024-11-30,24 1SG,e.400 - 500,1708.3505248545189,3700.0
Couso i+d,2024-11-30,24 1SG,g.600 - 800,0.6645452074852278,1.0
Anglet_P,2024-12-31,23 6SG,g.600 - 800,667.2424973230179,1081.0
Anglet_P,2024-12-31,23 6SG,g.600 - 800,2860.8603947941906,4472.0
Anglet_P,2024-12-31,23 6SG,g.600 - 800,3160.4274360763648,4422.0
Anglet_P,2024-12-31,23 6SG,g.600 - 800,1811.211725226295,2878.0
Hafnir_P,2024-12-31,23 6SG,g.600 - 800,4984.424011372625,7475.0
Hafnir_P,2024-12-31,23 6SG,g.600 - 800,782.6150537283489,1230.0
Hafnir_P,2024-12-31,23 6SG,g.600 - 800,5851.924704784226,7531.0
Hafnir_P,2024-12-31,23 6SG,g.600 - 800,1880.6511596703392,2612.0
Tocha Sole,2024-12-31,24 4SG,b.100 - 200,4.889807896114895,34.0
Tocha Sole,2024-12-31,23 6SG,h.800 - 10000,299.874352443666,295.0
Hafnir_P,2024-12-31,24 1SG,e.400 - 500,4355.298495907266,9841.0
Hafnir_P,2024-12-31,24 1SG,f.500 - 600,4670.243493881605,8309.0
Hafnir_P,2024-12-31,24 1SG,f.500 - 600,1518.2119715016092,2843.0
Couso i+d,2024-12-31,24 4SG,b.100 - 200,4.827024880581077,25.0
Cervo Sole,2024-12-31,24 1SG,g.600 - 800,3975.551554416523,5268.0
Couso i+d,2024-12-31,24 1SG,g.600 - 800,308.2364702341363,403.0
Anglet_P,2024-12-31,24 1SG,f.500 - 600,1766.071958128584,3219.0
Anglet_P,2024-12-31,24 1SG,f.500 - 600,1775.301646987154,3460.0
Anglet_P,2024-12-31,24 1SG,f.500 - 600,1753.2766928617004,3412.0
Anglet_P,2024-12-31,24 1SG,f.500 - 600,970.652740547223,1851.0
Anglet_P,2024-12-31,24 1SG,f.500 - 600,1234.4144405945012,2280.0
Cervo Sole,2024-12-31,24 1SG,h.800 - 10000,999.9640740256248,1163.0
Couso i+d,2024-12-31,24 1SG,f.500 - 600,399.7100076482716,682.0
Hafnir_P,2024-12-31,24 2SG,e.400 - 500,644.693566962483,1339.0
Couso i+d,2024-12-31,24 1SG,g.600 - 800,1171.3652230871762,1560.0
Couso i+d,2024-12-31,24 1SG,g.600 - 800,720.2008873037149,1146.0
Hafnir_P,2024-12-31,24 1SG,f.500 - 600,1811.3673805008148,3293.0
Cervo Sole,2024-12-31,24 1SG,g.600 - 800,5785.767341519315,7758.0
Couso i+d,2024-12-31,24 2SG,d.300 - 400,4.959926006847933,14.0
Cervo Sole,2024-12-31,24 1SG,g.600 - 800,3243.254860898013,5347.0
Tocha Sole,2024-12-31,24 1SG,f.500 - 600,2513.7263241273195,4350.0
Cervo Sole,2024-12-31,24 1SG,g.600 - 800,5677.605962758395,7104.0
Cervo Sole,2024-12-31,24 1SG,f.500 - 600,4729.693545400901,7923.0
Cervo Sole,2024-12-31,24 1SG,f.500 - 600,2759.422458193055,5410.0
Tocha Sole,2024-12-31,24 1SG,d.300 - 400,2625.9758217073218,7026.0
Tocha Sole,2024-12-31,24 1SG,g.600 - 800,848.7904898245154,1305.0
Anglet_P,2024-12-31,24 2SG,d.300 - 400,1761.1537655404006,4912.0
Tocha Sole,2024-12-31,24 2SG,g.600 - 800,4050.684688777953,5929.0
Tocha Sole,2024-12-31,24 2SG,e.400 - 500,1795.4806491772242,3601.0
Anglet_P,2024-12-31,24 2SG,d.300 - 400,738.686658442744,1961.0
Anglet_P,2024-12-31,24 2SG,e.400 - 500,1619.2905716831358,3240.0
Hafnir_P,2024-12-31,24 2SG,d.300 - 400,1499.7204973319356,4383.0
Hafnir_P,2024-12-31,24 2SG,c.200 - 300,942.062508045377,3166.0
Cervo Sole,2024-12-31,24 2SG,c.200 - 300,499.7603809983696,1793.0
Tocha Sole,2024-12-31,24 2SG,c.200 - 300,499.9392500379955,1883.0
Tocha Sole,2024-12-31,24 2SG,e.400 - 500,4066.80782145176,9328.0
Cervo Sole,2024-12-31,24 2SG,g.600 - 800,2317.516345273033,3752.0
Tocha Sole,2024-12-31,24 2SG,d.300 - 400,2373.819184119942,5986.0
Cervo Sole,2024-12-31,24 2SG,e.400 - 500,2999.6793552475024,6057.0
Cervo Sole,2024-12-31,24 2SG,d.300 - 400,1499.9737279542376,3958.0
Cervo Sole,2024-12-31,24 2SG,f.500 - 600,3010.4884297461786,5493.0
Tocha Sole,2024-12-31,24 2SG,e.400 - 500,4514.500981293481,9055.0
Tocha Sole,2024-12-31,24 2SG,e.400 - 500,623.2076873212228,1458.0
Couso i+d,2024-12-31,24 2SG,e.400 - 500,4.937115654695258,10.0
Hafnir_P,2024-12-31,24 3SG,c.200 - 300,57.768009149760765,273.0
Anglet_P,2024-12-31,24 2SG,e.400 - 500,1594.131462604649,3470.0
Anglet_P,2024-12-31,24 2SG,e.400 - 500,286.4639542452689,586.0
Anglet_P,2024-12-31,24 2SG,c.200 - 300,499.84355345136623,1738.0
Cervo Sole,2024-12-31,24 3SG,c.200 - 300,0.2345676010955351,1.0
Hafnir_P,2024-12-31,24 3SG,b.100 - 200,999.8891830095442,6010.0
Hafnir_P,2024-12-31,24 4SG,b.100 - 200,0.1072929308985464,1.0
Tocha Sole,2024-12-31,24 4SG,b.100 - 200,0.1068293105069939,1.0
Anglet_P,2025-01-31,23 6SG,g.600 - 800,1330.7893627602316,1971.0
Hafnir_P,2025-01-31,23 6SG,g.600 - 800,5113.235259700204,6738.0
Hafnir_P,2025-01-31,23 6SG,g.600 - 800,4779.46208800815,6253.0
Hafnir_P,2025-01-31,23 6SG,g.600 - 800,3607.0541957935698,4901.0
Hafnir_P,2025-01-31,23 6SG,h.800 - 10000,999.4249494216772,1192.0
Tocha Sole,2025-01-31,24 3SG,d.300 - 400,3591.111265049024,9007.0
Anglet_P,2025-01-31,23 6SG,g.600 - 800,4639.568997261843,6003.0
Tocha Sole,2025-01-31,23 6SG,h.800 - 10000,499.4733091399594,465.0
Anglet_P,2025-01-31,23 6SG,h.800 - 10000,3782.5063661882423,4418.0
Cervo Sole,2025-01-31,24 2SG,g.600 - 800,2644.099308949941,3372.0
Anglet_P,2025-01-31,23 6SG,g.600 - 800,3447.4176078139494,4495.0
Anglet_P,2025-01-31,23 6SG,h.800 - 10000,6.79746342269526,8.0
Anglet_P,2025-01-31,23 6SG,g.600 - 800,380.18432178741926,559.0
Anglet_P,2025-01-31,23 6SG,g.600 - 800,2701.8535244748223,3485.0
Cervo Sole,2025-01-31,24 1SG,h.800 - 10000,1011.4847293988068,1191.0
Couso i+d,2025-01-31,24 1SG,g.600 - 800,1176.7221796392353,1718.0
Anglet_P,2025-01-31,24 1SG,f.500 - 600,3081.327482610764,5309.0
Couso i+d,2025-01-31,24 1SG,g.600 - 800,728.1848564922221,1042.0
Couso i+d,2025-01-31,24 1SG,g.600 - 800,294.5804841927607,452.0
Cervo Sole,2025-01-31,24 1SG,h.800 - 10000,1488.146906850101,1364.0
Cervo Sole,2025-01-31,24 2SG,f.500 - 600,5581.674356707796,9666.0
Anglet_P,2025-01-31,24 1SG,f.500 - 600,1918.340958961375,3282.0
Hafnir_P,2025-01-31,24 1SG,f.500 - 600,3778.296881647373,6739.0
Hafnir_P,2025-01-31,24 1SG,f.500 - 600,3988.416369726907,6908.0
Hafnir_P,2025-01-31,24 1SG,f.500 - 600,2233.179284076286,3998.0
Hafnir_P,2025-01-31,24 1SG,e.400 - 500,3833.439751522423,7774.0
Anglet_P,2025-01-31,24 2SG,e.400 - 500,2623.948791989632,6557.0
Couso i+d,2025-01-31,24 2SG,d.300 - 400,4.706553501728803,13.0
Tocha Sole,2025-01-31,24 4SG,c.200 - 300,499.96017419099167,1904.0
Couso i+d,2025-01-31,24 2SG,e.400 - 500,4.874945398033949,12.0
Hafnir_P,2025-01-31,24 2SG,d.300 - 400,1499.850207387773,4209.0
Hafnir_P,2025-01-31,24 2SG,e.400 - 500,1166.4208661646317,2768.0
Cervo Sole,2025-01-31,24 2SG,g.600 - 800,5410.314469202758,7584.0
Tocha Sole,2025-01-31,24 2SG,f.500 - 600,4081.678815600669,7522.0
Tocha Sole,2025-01-31,24 2SG,f.500 - 600,1766.5442135130452,3509.0
Couso i+d,2025-01-31,24 2SG,f.500 - 600,844.0111076988467,1445.0
Cervo Sole,2025-01-31,24 2SG,g.600 - 800,1603.7198830635598,2305.0
Cervo Sole,2025-01-31,24 2SG,e.400 - 500,1959.53260063362,4073.0
Tocha Sole,2025-01-31,24 2SG,d.300 - 400,1408.652069158029,4343.0
Cervo Sole,2025-01-31,24 2SG,d.300 - 400,1416.7911123071965,4004.0
Tocha Sole,2025-01-31,24 2SG,f.500 - 600,4626.040119114098,9189.0
Cervo Sole,2025-01-31,24 2SG,e.400 - 500,1040.247079026488,2354.0
Couso i+d,2025-01-31,24 2SG,f.500 - 600,249.10953948004757,432.0
Anglet_P,2025-01-31,24 2SG,e.400 - 500,1375.7093491895646,3188.0
Couso i+d,2025-01-31,24 2SG,f.500 - 600,106.38004807804305,182.0
Couso i+d,2025-01-31,24 2SG,h.800 - 10000,299.7020513807618,354.0
Cervo Sole,2025-01-31,24 2SG,f.500 - 600,5417.88229539626,9460.0
Anglet_P,2025-01-31,24 2SG,d.300 - 400,1127.0143898951717,2862.0
Anglet_P,2025-01-31,24 2SG,d.300 - 400,372.7411785148548,1025.0
Hafnir_P,2025-01-31,24 4SG,c.200 - 300,999.86836291027,4946.0
Cervo Sole,2025-01-31,24 2SG,g.600 - 800,5935.277742531478,9130.0
Hafnir_P,2025-01-31,24 4SG,b.100 - 200,999.9181190687854,5922.0
Cervo Sole,2025-01-31,24 3SG,d.300 - 400,83.14119433757035,272.0
Anglet_P,2025-01-31,24 4SG,c.200 - 300,499.9583079332964,2341.0
Tocha Sole,2025-01-31,24 3SG,e.400 - 500,3379.2475188739068,7850.0
Tocha Sole,2025-01-31,24 3SG,e.400 - 500,4157.088228050528,8482.0
Couso i+d,2025-01-31,24 5SG,b.100 - 200,4.994492751693064,49.0
Cervo Sole,2025-01-31,24 4SG,c.200 - 300,499.76446529178486,1829.0
Couso i+d,2025-01-31,24 4SG,c.200 - 300,4.957349385316254,19.0
Tocha Sole,2025-01-31,24 4SG,b.100 - 200,4.89798447467911,25.0
Tocha Sole,2025-01-31,24 3SG,e.400 - 500,1463.5410297645374,3173.0
Cervo Sole,2025-01-31,24 2SG,g.600 - 800,950.6032006077444,1512.0
Tocha Sole,2025-01-31,24 2SG,g.600 - 800,4999.334665081218,6289.0
Tocha Sole,2025-01-31,24 5SG,b.100 - 200,0.1011025208701611,1.0
Hafnir_P,2025-02-28,23 6SG,h.800 - 10000,999.9769379251954,1243.0
Hafnir_P,2025-02-28,23 6SG,g.600 - 800,5549.450051937095,7192.0
Hafnir_P,2025-02-28,23 6SG,g.600 - 800,5248.533499411099,6579.0
Hafnir_P,2025-02-28,23 6SG,g.600 - 800,2701.6526697670874,3664.0
Tocha Sole,2025-02-28,23 6SG,h.800 - 10000,498.9330502234626,445.0
Anglet_P,2025-02-28,23 6SG,h.800 - 10000,3499.301329231296,4314.0
Anglet_P,2025-02-28,23 6SG,h.800 - 10000,290.38421537393555,346.0
Anglet_P,2025-02-28,23 6SG,g.600 - 800,4288.085916659233,5543.0
Couso i+d,2025-02-28,24 1SG,g.600 - 800,481.8083125957396,672.0
Cervo Sole,2025-02-28,24 1SG,h.800 - 10000,2499.4167941999176,2192.0
Anglet_P,2025-02-28,24 1SG,g.600 - 800,2017.306411222457,2976.0
Couso i+d,2025-02-28,24 1SG,g.600 - 800,1315.277739093383,1692.0
Hafnir_P,2025-02-28,24 3SG,c.200 - 300,999.8979048343983,4654.0
Hafnir_P,2025-02-28,24 1SG,f.500 - 600,1906.4639102666397,3281.0
Hafnir_P,2025-02-28,24 4SG,d.300 - 400,1499.733642971126,4806.0
Couso i+d,2025-02-28,24 2SG,e.400 - 500,4.860913517260609,12.0
Tocha Sole,2025-02-28,24 2SG,h.800 - 10000,1.052945457748517,1.0
Anglet_P,2025-02-28,24 2SG,g.600 - 800,4618.378005593174,6377.0
Anglet_P,2025-02-28,24 2SG,g.600 - 800,1575.6149304707776,2232.0
Anglet_P,2025-02-28,24 2SG,f.500 - 600,1723.6207252016477,3251.0
Tocha Sole,2025-02-28,24 4SG,c.200 - 300,499.9717586999331,1924.0
Hafnir_P,2025-02-28,24 2SG,e.400 - 500,3504.147720882471,7529.0
Hafnir_P,2025-02-28,24 2SG,e.400 - 500,159.01419144829734,387.0
Hafnir_P,2025-02-28,24 2SG,e.400 - 500,129.73477837532155,267.0
Hafnir_P,2025-02-28,24 2SG,f.500 - 600,5403.907404408409,9344.0
Tocha Sole,2025-02-28,24 2SG,e.400 - 500,3417.923120046806,8201.0
Tocha Sole,2025-02-28,24 2SG,e.400 - 500,2048.422279893772,5056.0
Cervo Sole,2025-02-28,24 2SG,f.500 - 600,3114.308604621967,5642.0
Tocha Sole,2025-02-28,24 5SG,b.100 - 200,4.9000314425396825,48.0
Couso i+d,2025-02-28,24 2SG,g.600 - 800,323.0318287677557,527.0
Anglet_P,2025-02-28,24 2SG,f.500 - 600,2543.4278355729516,4620.0
Couso i+d,2025-02-28,24 2SG,h.800 - 10000,299.9522026669797,328.0
Cervo Sole,2025-02-28,24 2SG,f.500 - 600,5450.79940212029,10198.0
Anglet_P,2025-02-28,24 2SG,f.500 - 600,732.6438147273683,1224.0
Couso i+d,2025-02-28,24 2SG,g.600 - 800,79.26882869889155,117.0
Cervo Sole,2025-02-28,24 2SG,g.600 - 800,277.2211406773787,385.0
Anglet_P,2025-02-28,24 2SG,e.400 - 500,1533.0200020264758,3106.0
Anglet_P,2025-02-28,24 2SG,e.400 - 500,390.9789284018293,873.0
Anglet_P,2025-02-28,24 3SG,e.400 - 500,1633.8579867418064,3817.0
Couso i+d,2025-02-28,24 2SG,f.500 - 600,302.85061447866735,506.0
Cervo Sole,2025-02-28,24 2SG,f.500 - 600,2434.338402949784,4368.0
Hafnir_P,2025-02-28,24 3SG,f.500 - 600,2689.2087884796047,4620.0
Hafnir_P,2025-02-28,24 3SG,e.400 - 500,1206.994356619114,2555.0
Tocha Sole,2025-02-28,24 3SG,f.500 - 600,3379.461036638215,5735.0
Cervo Sole,2025-02-28,24 3SG,g.600 - 800,6011.7655284125485,9908.0
Cervo Sole,2025-02-28,24 3SG,e.400 - 500,2999.544252550556,6068.0
Cervo Sole,2025-02-28,24 3SG,g.600 - 800,6564.69037546838,10024.0
Cervo Sole,2025-02-28,24 3SG,d.300 - 400,1499.9295228303738,3841.0
Cervo Sole,2025-02-28,24 3SG,e.400 - 500,0.4302692690884613,1.0
Cervo Sole,2025-02-28,24 3SG,f.500 - 600,0.5103319931596847,1.0
Tocha Sole,2025-02-28,24 3SG,e.400 - 500,3533.404669070117,7149.0
Tocha Sole,2025-02-28,24 3SG,d.300 - 400,2479.0983759260457,6560.0
Anglet_P,2025-02-28,24 3SG,d.300 - 400,1499.9827349396153,4179.0
Tocha Sole,2025-02-28,24 3SG,d.300 - 400,2520.8055864217745,7958.0
Tocha Sole,2025-02-28,24 3SG,g.600 - 800,4665.096050401896,7631.0
Hafnir_P,2025-02-28,24 5SG,b.100 - 200,999.9484761977344,5964.0
Couso i+d,2025-02-28,24 5SG,b.100 - 200,4.918928206013127,43.0
Cervo Sole,2025-02-28,24 4SG,c.200 - 300,499.8691310437841,2019.0
Couso i+d,2025-02-28,24 4SG,g.600 - 800,0.6008772591144126,1.0
Anglet_P,2025-02-28,24 4SG,c.200 - 300,499.91007451024893,1762.0
Anglet_P,2025-02-28,24 4SG,e.400 - 500,441.76496605173526,973.0
Couso i+d,2025-02-28,24 4SG,f.500 - 600,896.6662822608548,1689.0
Couso i+d,2025-02-28,24 4SG,d.300 - 400,4.700117802941071,14.0
Anglet_P,2025-02-28,24 3SG,g.600 - 800,0.6091270508635146,1.0
